code,MC_seed=1,MC_seed=2
0,-0.0005682935171991136,-0.0006578908565204958
1,-0.0005671527184333721,-0.0006566522422261063
2,-0.0005663286316373855,-0.0006550098877094673
3,-0.0005651878328707199,-0.000653771273415145
4,-0.0005642112099177413,-0.0006526998065593829
5,-0.0005630704111495704,-0.0006514611922639694
6,-0.0005622463243544223,-0.0006498188377486873
7,-0.0005611055255853286,-0.0006485802234533413
8,-0.0005590086291012378,-0.0006480225317528428
9,-0.0005578678303307457,-0.0006467839174584984
10,-0.000557043743537208,-0.0006451415629471179
11,-0.000555902944765794,-0.0006439029486528405
12,-0.0005549263218109435,-0.0006428314817921003
13,-0.0005537855230380227,-0.0006415928674967336
14,-0.0005529614362453246,-0.0006399505129867091
15,-0.0005518206374714824,-0.00063871189869141
16,-0.0005499029957440472,-0.000637097008264587
17,-0.0005487621969695541,-0.0006358583939660316
18,-0.0005479381101788631,-0.0006342160394547249
19,-0.0005467973114034454,-0.0006329774251562355
20,-0.000545820688447317,-0.0006319059582862729
21,-0.0005446798896703938,-0.0006306673439866955
22,-0.0005438558028805442,-0.000629024989476747
23,-0.0005427150041026983,-0.0006277863751772377
24,-0.0005406181076235151,-0.0006272286834978457
25,-0.0005394773088442744,-0.0006259900691993399
26,-0.0005386532220560348,-0.0006243477146932937
27,-0.0005375124232758696,-0.0006231091003948545
28,-0.0005365358003178727,-0.0006220376335199149
29,-0.000535395001536202,-0.000620799019220387
30,-0.0005345709147488042,-0.0006191566647156998
31,-0.0005334301159662112,-0.0006179180504162397
32,-0.0005328899799929573,-0.0006164896539804654
33,-0.0005317491812134387,-0.0006152510396803406
34,-0.000530925094429905,-0.0006136086851777473
35,-0.0005297842956494644,-0.0006123700708776929
36,-0.000528807672693117,-0.0006112986039959001
37,-0.00052766687391117,-0.0006100599896947541
38,-0.0005268427871284779,-0.0006084176351935231
39,-0.0005257019883456081,-0.0006071790208924473
40,-0.0005236050918766026,-0.0006066213292351599
41,-0.0005224642930923361,-0.0006053827149350879
42,-0.0005216402063112565,-0.0006037403604377599
43,-0.0005204994075260689,-0.0006025017461377567
44,-0.0005195227845678555,-0.000601430279250989
45,-0.000518381985781163,-0.000600191664949897
46,-0.0005175578990009247,-0.0005985493104539324
47,-0.0005164171002133098,-0.000597310696152909
48,-0.0005144994585208884,-0.0005956958056283888
49,-0.0005133586597326241,-0.0005944571913241097
50,-0.0005125345729543952,-0.000592814836826864
51,-0.000511393774165209,-0.0005915762225226569
52,-0.0005104171512057219,-0.0005905047556266735
53,-0.0005092763524150313,-0.0005892661413213761
54,-0.0005084522656376428,-0.0005876237868254932
55,-0.0005073114668460309,-0.0005863851725202679
56,-0.0005052145703819487,-0.0005858274808840942
57,-0.0005040737715889412,-0.00058458886657987
58,-0.0005032496848131674,-0.0005829465120878953
59,-0.0005021088860192378,-0.000581707897783741
60,-0.0005011322630578853,-0.0005806364308827879
61,-0.0004999914642624528,-0.0005793978165775454
62,-0.0004991673774875206,-0.0005777554620869344
63,-0.0004980265786911669,-0.0005765168477817621
64,-0.0004974262287017586,-0.0005766255670456379
65,-0.0004962854299053154,-0.0005753869527439624
66,-0.0004954613431320045,-0.0005737445982602308
67,-0.0004943205443346408,-0.0005725059839586228
68,-0.0004933439213721916,-0.0005714345170552413
69,-0.0004922031225733226,-0.0005701959027525459
70,-0.0004913790358008529,-0.0005685535482701804
71,-0.0004902382370010647,-0.0005673149339675572
72,-0.0004881413405415266,-0.0005667572423537411
73,-0.00048700054174034347,-0.0005655186280521206
74,-0.0004861764549694888,-0.0005638762735736629
75,-0.00048503565616738316,-0.0005626376592721138
76,-0.00048405903320307094,-0.0005615661923637637
77,-0.000482918234399462,-0.0005603275780611263
78,-0.0004820941476294504,-0.0005586852235840349
79,-0.0004809533488249204,-0.0005574466092814682
80,-0.0004790357071626407,-0.0005558317186679436
81,-0.00047789490835746425,-0.000554593104362127
82,-0.00047707082158946395,-0.0005529507498837597
83,-0.0004759300227833652,-0.0005517121355780121
84,-0.0004749533998177815,-0.0005506406686604483
85,-0.0004738126010101808,-0.0005494020543536139
86,-0.0004729885142430229,-0.0005477596998766158
87,-0.00047184771543449963,-0.0005465210855698509
88,-0.0004697508189799017,-0.000545963393977156
89,-0.00046861002016998434,-0.0005447247796713979
90,-0.0004677859334044427,-0.0005430824251983087
91,-0.00046664513459360527,-0.0005418438108926208
92,-0.0004656685116261614,-0.0005407723439700935
93,-0.0004645277128138207,-0.0005395337296633184
94,-0.00046370362604912236,-0.0005378913751915979
95,-0.00046256282723586035,-0.0005366527608848947
96,-0.000462022691525299,-0.0005352243644318835
97,-0.0004608818927151121,-0.000533985750124522
98,-0.0004600578059542819,-0.0005323433956549013
99,-0.00045891700714317487,-0.0005311047813476115
100,-0.0004579403841773889,-0.0005300333144182412
101,-0.0004567995853647811,-0.000528794700109863
102,-0.00045597549860479326,-0.0005271523456416128
103,-0.0004548346997912641,-0.000525913731333308
104,-0.00045273780334686954,-0.0005253560397627251
105,-0.0004515970045319473,-0.0005241174254554263
106,-0.0004507729177735761,-0.0005224750709910889
107,-0.00044963211895773336,-0.0005212364566838604
108,-0.00044865549599008825,-0.0005201649897495261
109,-0.00044751469717274237,-0.000518926375441214
110,-0.00044669061041521617,-0.000517284020978246
111,-0.0004455498115969501,-0.000516045406670005
112,-0.00044363216996974077,-0.0005144305159588455
113,-0.0004424913711508282,-0.0005131919016473565
114,-0.00044166728439531586,-0.0005115495471831176
115,-0.00044052648557548315,-0.0005103109328716987
116,-0.0004395498626065707,-0.0005092394659281581
117,-0.00043840906378523703,-0.0005080008516156547
118,-0.0004375849770305686,-0.0005063584971527872
119,-0.00043644417820831315,-0.0005051198828403548
120,-0.0004343472817688737,-0.0005045621912908983
121,-0.0004332064829452282,-0.0005033235769794732
122,-0.0004323823961921771,-0.0005016812225205184
123,-0.00043124159736761177,-0.0005004426082091675
124,-0.00043026497439684205,-0.0004993711412606657
125,-0.0004291241755707741,-0.000498132526948227
126,-0.0004283000888185673,-0.0004964901724906469
127,-0.0004271592899915806,-0.0004952515581782828
128,-0.0004271012883197903,-0.0004920741974048581
129,-0.0004259604894950753,-0.0004908355830927707
130,-0.0004251364027458749,-0.000489193228639365
131,-0.00042399560392024013,-0.0004879546143273505
132,-0.0004230189809503337,-0.0004868831473720365
133,-0.0004218781821231975,-0.0004856445330589378
134,-0.00042105409537484173,-0.0004840021786069069
135,-0.0004199132965467871,-0.00048276356429387995
136,-0.0004178164001155901,-0.00048220587276872316
137,-0.00041667560128614244,-0.0004809672584567036
138,-0.00041585151453940453,-0.00047932490400858895
139,-0.0004147107157090385,-0.0004780862896966439
140,-0.00041373409273727746,-0.00047701482273637273
141,-0.0004125932939054104,-0.00047577620842334306
142,-0.00041176920715951614,-0.00047413385397660206
143,-0.00041062840832673084,-0.00047289523966364687
144,-0.00040871076673256113,-0.0004712803488526699
145,-0.00040756996789913046,-0.00047004173453646635
146,-0.0004067458811552522,-0.0004683993800884585
147,-0.00040560508232090114,-0.00046716076577232955
148,-0.00040462845934787655,-0.00046608929880285864
149,-0.00040348766051202583,-0.00046485068448564416
150,-0.0004026635737689945,-0.0004632083300390135
151,-0.00040152277493222247,-0.00046196971572187435
152,-0.0003994258785059974,-0.0004614120242178484
153,-0.0003982850796678359,-0.0004601734099017149
154,-0.00039746099292642417,-0.0004585310554590044
155,-0.0003963201940873423,-0.0004572924411429464
156,-0.00039534357111246606,-0.00045622097416851833
157,-0.000394202772271885,-0.0004549823598513766
158,-0.0003933786855313183,-0.0004533400054100424
159,-0.00039223788668981855,-0.0004521013910929751
160,-0.000391697751240708,-0.0004506729946188868
161,-0.00039055695240228564,-0.00044943438030116547
162,-0.00038973286566558934,-0.0004477920258619399
163,-0.00038859206682624814,-0.0004465534115442934
164,-0.0003876154438530359,-0.0004454819445630346
165,-0.0003864746450121939,-0.0004442433302443041
166,-0.0003856505582763439,-0.0004426009758064567
167,-0.0003845097594345835,-0.00044136236148780165
168,-0.00038241286301859116,-0.0004408046700058995
169,-0.0003812720641754399,-0.00043956605568825345
170,-0.0003804479774412121,-0.00043792370125432344
171,-0.00037930717859714153,-0.00043668508693675155
172,-0.00037833055562207853,-0.0004356136199505422
173,-0.000377189756776509,-0.0004343750056318875
174,-0.0003763656700431275,-0.00043273265119933845
175,-0.0003752248711966395,-0.0004314940368807601
176,-0.0003733072296375971,-0.0004298791459722156
177,-0.00037216643079046477,-0.0004286405316503892
178,-0.00037134234405910075,-0.0004269981772165793
179,-0.0003702015452110505,-0.00042575956289482987
180,-0.0003692249222347297,-0.0004246880958994241
181,-0.000368084123385179,-0.00042344948157659165
182,-0.00036726003665466206,-0.0004218071271441625
183,-0.000366119237804193,-0.0004205685128214066
184,-0.0003640223413931899,-0.0004200108213606404
185,-0.0003628815425413323,-0.00041877220703889426
186,-0.0003620574558124359,-0.0004171298526103837
187,-0.00036091665695966134,-0.00041589123828871395
188,-0.0003599400339814895,-0.00041481977128835743
189,-0.0003587992351272151,-0.00041358115696560425
190,-0.0003579751483991665,-0.00041193880253847647
191,-0.0003568343495439749,-0.00041070018821580027
192,-0.0003562339996928351,-0.0004108089079808642
193,-0.0003550932008375583,-0.00040957029366168714
194,-0.0003542691141111363,-0.0004079279392414535
195,-0.00035312831525494126,-0.0004066893249223515
196,-0.0003521516922756868,-0.0004056178579195874
197,-0.0003510108934179927,-0.0004043792435994036
198,-0.0003501868066924188,-0.00040273688918055113
199,-0.0003490460078338065,-0.00040149827486044346
200,-0.00034694911142740565,-0.00040094058342205667
201,-0.0003458083125674052,-0.0003997019691029612
202,-0.0003449842258434526,-0.0003980596146880319
203,-0.0003438434269825355,-0.00039682100036901287
204,-0.0003428668040014333,-0.00039574953336129885
205,-0.0003417260051390174,-0.00039451091904119735
206,-0.0003409019184159134,-0.0003928685646276524
207,-0.0003397611195525799,-0.00039162995030762697
208,-0.0003378434780237959,-0.0003900150593102058
209,-0.0003367026791598193,-0.00038877644498693756
210,-0.0003358785924387343,-0.0003871340905721351
211,-0.00033473779357384194,-0.0003858954762489417
212,-0.000333761170591485,-0.00038482400923204175
213,-0.00033262037172509287,-0.0003835853949077678
214,-0.0003317962850048571,-0.0003819430404943492
215,-0.00033065548613754787,-0.0003807044261701535
216,-0.00032855858973614865,-0.00038014673475291003
217,-0.0003274177908674519,-0.00037890812042972534
218,-0.0003265937041488385,-0.0003772657660202311
219,-0.0003254529052792254,-0.0003760271516971247
220,-0.00032447628229502273,-0.0003749556846752777
221,-0.0003233354834239107,-0.00037371707035108745
222,-0.0003225113967061476,-0.00037207471594298
223,-0.0003213705978341179,-0.0003708361016188697
224,-0.0003208304626477746,-0.00036940770512777007
225,-0.0003196896637788247,-0.00036816909080300715
226,-0.0003188655770649351,-0.0003665267363970173
227,-0.00031772477819506754,-0.00036528812207233365
228,-0.00031674815521253645,-0.00036421665504366536
229,-0.0003156073563411703,-0.0003629780407179004
230,-0.0003147832696281292,-0.00036133568631329846
231,-0.00031364247075584787,-0.0003600970719876107
232,-0.0003115455743647116,-0.00035953938059250215
233,-0.0003104047754910437,-0.0003583007662678265
234,-0.0003095806887796261,-0.0003566584118671503
235,-0.000308439889905041,-0.0003554197975425534
236,-0.00030746326692066635,-0.0003543483305089429
237,-0.0003063224680445824,-0.0003531097161832656
238,-0.0003054983813340159,-0.00035146736178397686
239,-0.00030435758245701545,-0.0003502287474583795
240,-0.0003024399409634139,-0.0003486138563634539
241,-0.0003012991420857738,-0.000347375242034613
242,-0.0003004750553772277,-0.0003457328876340714
243,-0.00029933425649867186,-0.00034449427330530974
244,-0.0002983576335130455,-0.00034342280626251576
245,-0.00029721683463299157,-0.0003421841919326734
246,-0.0002963927479252954,-0.0003405418375335206
247,-0.0002952519490443249,-0.000339303223203758
248,-0.0002931550526582068,-0.0003387455318297967
249,-0.00029201425377585043,-0.00033750691750104585
250,-0.0002911901670697795,-0.00033586456310582093
251,-0.00029004936818650723,-0.0003346259487771512
252,-0.0002890727451990401,-0.0003335544817294155
253,-0.00028793194631426995,-0.00033231586739966465
254,-0.00028710785960905005,-0.00033067351300583104
255,-0.00028596706072336463,-0.0003294348986761596
256,-0.00028336970460985907,-0.0003243582298093898
257,-0.00028222890572963814,-0.00032311961548309295
258,-0.00028140481903141546,-0.0003214772610987597
259,-0.00028026402015027653,-0.0003202386467725451
260,-0.000279287397167118,-0.00031916717971965504
261,-0.0002781465982844818,-0.00031792856539236084
262,-0.0002773225115871119,-0.0003162862110094159
263,-0.0002761817127035584,-0.00031504759668220294
264,-0.0002740848163345366,-0.0003144899053363848
265,-0.00027294401744960015,-0.0003132512910101855
266,-0.00027211993075385585,-0.00031160893663117204
267,-0.00027097913186800357,-0.00031037032230504986
268,-0.00027000250888300614,-0.0003092988552472244
269,-0.0002688617099956562,-0.0003080602409200245
270,-0.0002680376233007641,-0.00030641788654240217
271,-0.0002668968244124983,-0.00030517927221528475
272,-0.00026497918296144367,-0.00030356438101994583
273,-0.0002638383840725406,-0.0003023257666895868
274,-0.0002630142973796709,-0.0003006834123107162
275,-0.0002618734984898525,-0.0002994447979804394
276,-0.0002608968755036064,-0.000298373330913435
277,-0.000259756076612292,-0.00029713471658207786
278,-0.000258931989920274,-0.00029549236220460275
279,-0.00025779119102804315,-0.0002942537478733259
280,-0.0002556942946640558,-0.00029369605654866167
281,-0.0002545534957704412,-0.0002924574422183998
282,-0.00025372940908005,-0.00029081508784485535
283,-0.0002525886101855197,-0.0002895764735146743
284,-0.0002516119871974374,-0.0002885050064427351
285,-0.0002504711883014111,-0.0002872663921114746
286,-0.0002496471016118725,-0.000285624037739327
287,-0.0002485063027149305,-0.0002843854234081488
288,-0.0002479661678015685,-0.00028295702689940016
289,-0.0002468253689077078,-0.00028171841256757453
290,-0.00024600128222204503,-0.00028007605819755125
291,-0.0002448604833272705,-0.0002788374438658058
292,-0.00024388386034086698,-0.00027776597678705924
293,-0.0002427430614445949,-0.00027652736245423724
294,-0.00024191897475978462,-0.00027488500808560965
295,-0.0002407781758625979,-0.00027364639375286853
296,-0.0002386812795089057,-0.00027308870245035206
297,-0.00023754048061033517,-0.0002718500881186245
298,-0.0002367163939271529,-0.0002702077337539327
299,-0.00023557559502766773,-0.00026896911942228633
300,-0.00023459897203942959,-0.00026789765233860795
301,-0.00023345817313844951,-0.00026665903800588515
302,-0.00023263408645611967,-0.000265016683642589
303,-0.00023149328755422489,-0.00026377806930994905
304,-0.0002295756461384122,-0.000262163178017177
305,-0.00022843484723587888,-0.0002609245636812957
306,-0.00022761076055557452,-0.0002592822093167572
307,-0.0002264699616521279,-0.0002580435949809597
308,-0.0002254933386626468,-0.0002569721278881096
309,-0.00022435253975770517,-0.0002557335135512364
310,-0.00022352845307825213,-0.000254091159188095
311,-0.00022238765417239667,-0.0002528525448513041
312,-0.00022029075782375359,-0.00025229485356994695
313,-0.00021914995891651493,-0.00025105623923416963
314,-0.0002183258722386923,-0.0002494138848749649
315,-0.00021718507333053853,-0.0002481752705392711
316,-0.0002162084503392255,-0.00024710380344149143
317,-0.00021506765142957689,-0.00024586518910472
318,-0.0002142435647526072,-0.0002442228347469132
319,-0.00021310276584204547,-0.00024298422041022508
320,-0.0002125024161340796,-0.0002430929406826662
321,-0.00021136161722343528,-0.0002418543263494804
322,-0.00021053753054809998,-0.0002402119719985792
323,-0.0002093967316365424,-0.00023897335766547893
324,-0.00020842010864415738,-0.00023790189056531092
325,-0.00020727930973110417,-0.0002366632762311331
326,-0.0002064552230566223,-0.00023502092188163178
327,-0.000205314424142656,-0.00023378230754753673
328,-0.00020321752779867573,-0.00023322461628858036
329,-0.00020207672888332802,-0.00023198600195550032
330,-0.0002012526422104745,-0.00023034364760993748
331,-0.00020011184329421218,-0.0002291050332769419
332,-0.0001991352202999965,-0.00022803356617184472
333,-0.00019799442138224052,-0.00022679495183777407
334,-0.0001971703347102428,-0.0002251525974936106
335,-0.0001960295357915722,-0.000223913983159624
336,-0.00019411189440613302,-0.0002222990917780996
337,-0.0001929710954868269,-0.0002210604774408751
338,-0.00019214700881685457,-0.0002194181230954738
339,-0.00019100620989663563,-0.00021817950875833409
340,-0.00019002958690118141,-0.0002171080416440704
341,-0.0001888887879794669,-0.00021586942730585332
342,-0.00018806470131034898,-0.0002142270729618541
343,-0.00018692390238772298,-0.00021298845862372293
344,-0.0001848270060488086,-0.0002124307673859301
345,-0.0001836862071248003,-0.000211192153048813
346,-0.00018286212045731388,-0.0002095497987087538
347,-0.00018172132153239332,-0.0002083111843717227
348,-0.0001807446985351085,-0.00020723971725253423
349,-0.0001796038996086942,-0.000206001102914426
350,-0.00017877981294206198,-0.00020435874857576978
351,-0.00017763901401473338,-0.00020312013423774632
352,-0.00017709887936421701,-0.00020169173771221439
353,-0.00017595808043997083,-0.00020045312337354582
354,-0.00017513399377721683,-0.0001988107690370242
355,-0.00017399319485205888,-0.000197572154698443
356,-0.00017301657185646023,-0.0001965006875724583
357,-0.00017187577292980872,-0.00019526207323279968
358,-0.00017105168626791077,-0.00019361971889768158
359,-0.00016991088734034403,-0.00019238110455810988
360,-0.0001678139910117547,-0.0001918234133424748
361,-0.000166673192082808,-0.0001905847990039185
362,-0.00016584910542254253,-0.00018894244467274323
363,-0.0001647083064926843,-0.000187703830334273
364,-0.0001637316834952577,-0.0001866323632033645
365,-0.0001625908845639057,-0.00018539374886381883
366,-0.00016176679790449658,-0.0001837513945340466
367,-0.0001606259989722304,-0.00018251278019458853
368,-0.00015870835762209,-0.0001808978887156931
369,-0.00015756755868919024,-0.00017965927437299628
370,-0.00015674347203180908,-0.000178016920041991
371,-0.00015560267309799758,-0.0001767783056993832
372,-0.0001546260500993375,-0.0001757068385593166
373,-0.00015348525116403258,-0.00017446822421563152
374,-0.00015266116450750658,-0.00017282586988603068
375,-0.0001515203655712894,-0.00017158725554243428
376,-0.0001494234692477809,-0.00017102956434796908
377,-0.00014828267031018303,-0.00016979095000538869
378,-0.000147458583655291,-0.00016814859567973212
379,-0.0001463177847167818,-0.00016690998133723903
380,-0.0001453411617162968,-0.0001658385141922507
381,-0.00014420036277629377,-0.0001645998998486815
382,-0.00014337627612225892,-0.00016295754552443187
383,-0.00014223547718134413,-0.00016171893118095107
384,-0.00014217747632094292,-0.00015854157063220674
385,-0.00014103667738230792,-0.00015730295628902248
386,-0.0001402125907312854,-0.0001556606019689975
387,-0.0001390717917917372,-0.00015442198762590225
388,-0.00013809516879213904,-0.000153350520474157
389,-0.00013695436985109772,-0.00015211190612998563
390,-0.0001361302832009333,-0.00015046955181136762
391,-0.0001349894842589801,-0.0001492309374672859
392,-0.00013289258794382678,-0.0001486732462971683
393,-0.0001317517890004958,-0.0001474346319541027
394,-0.00013092770235196421,-0.00014579227763943017
395,-0.000129786903407722,-0.0001445536632964519
396,-0.0001288102804063007,-0.00014348219613978958
397,-0.0001276694814605632,-0.00014224358179573758
398,-0.0001268453948128907,-0.00014060122748247585
399,-0.00012570459586624234,-0.0001393626131385102
400,-0.0001237869545493692,-0.0001377477215600704
401,-0.0001226461556020876,-0.00013650910721287274
402,-0.0001218220689564444,-0.00013486675289838045
403,-0.00012068127000825139,-0.0001336281385512706
404,-0.0001197046470056001,-0.0001325566713854533
405,-0.00011856384805591561,-0.00013131805703727064
406,-0.00011773976141112922,-0.00012967570272418737
407,-0.00011659896246053381,-0.0001284370883760934
408,-0.00011450206615047859,-0.0001278793972271519
409,-0.0001133612671985032,-0.0001266407828800755
410,-0.0001125371805553531,-0.00012499842857094048
411,-0.00011139638160246801,-0.00012375981422395262
412,-0.00011041975859799562,-0.00012268834705322088
413,-0.0001092789596436181,-0.00012144973270515971
414,-0.00010845487300132329,-0.00011980737839743447
415,-0.0001073140740460357,-0.00011856876404946258
416,-0.0001067739396571249,-0.00011714036750332178
417,-0.00010563314070492102,-0.00011590175315470729
418,-0.00010480905406650868,-0.00011425939884912866
419,-0.00010366825511339442,-0.0001130207845006029
420,-0.00010269163211061238,-0.00011194931732308439
421,-0.00010155083315600572,-0.0001107107029734868
422,-0.0001007267465184518,-0.00010906834866931871
423,-9.95859475629342e-05,-0.00010782973431981089
424,-9.748905126323189e-05,-0.00010727204319303807
425,-9.634825230633688e-05,-0.00010603342884454549
426,-9.552416567041883e-05,-0.00010439107454432857
427,-9.438336671261258e-05,-0.00010315246019592712
428,-9.340674370801209e-05,-0.00010208099301349684
429,-9.226594474871422e-05,-0.0001008423786640228
430,-9.144185811365497e-05,-9.920002436521896e-05
431,-9.030105915344689e-05,-9.796141001583338e-05
432,-8.838341787192899e-05,-9.634651834008974e-05
433,-8.72426189110899e-05,-9.510790398747243e-05
434,-8.641853227806171e-05,-9.346554968744442e-05
435,-8.527773331631352e-05,-9.222693533491726e-05
436,-8.430111031048452e-05,-9.115546814334016e-05
437,-8.316031134724281e-05,-8.991685378974073e-05
438,-8.233622471507513e-05,-8.827449949112582e-05
439,-8.11954257509238e-05,-8.703588513761783e-05
440,-7.90985294563344e-05,-8.64781940320262e-05
441,-7.795773049080649e-05,-8.523957967953639e-05
442,-7.713364386027392e-05,-8.35972253848722e-05
443,-7.599284489383674e-05,-8.235861103247347e-05
444,-7.501622188619151e-05,-8.128714383598624e-05
445,-7.387542291826247e-05,-8.004852948251322e-05
446,-7.305133628858918e-05,-7.840617518926592e-05
447,-7.191053731975082e-05,-7.716756083588484e-05
448,-7.131018775030878e-05,-7.72762816095326e-05
449,-7.016938878139182e-05,-7.603766725965556e-05
450,-6.934530215335638e-05,-7.439531297332889e-05
451,-6.82045031835289e-05,-7.315669862354454e-05
452,-6.722788017482777e-05,-7.20852314246873e-05
453,-6.608708120351e-05,-7.084661707383041e-05
454,-6.526299457633406e-05,-6.920426278891851e-05
455,-6.41221956041066e-05,-6.796564843815508e-05
456,-6.202529931423909e-05,-6.740795735498344e-05
457,-6.088450034063539e-05,-6.61693430052378e-05
458,-6.006041371509779e-05,-6.452698872427912e-05
459,-5.891961474058412e-05,-6.32883743746239e-05
460,-5.794299173006727e-05,-6.221690717085984e-05
461,-5.680219275406239e-05,-6.097829282013332e-05
462,-5.597810612938559e-05,-5.9335938540592235e-05
463,-5.483730715247166e-05,-5.809732418995766e-05
464,-5.291966590144191e-05,-5.648243242558726e-05
465,-5.17788669238973e-05,-5.524381807172149e-05
466,-5.09547803012549e-05,-5.360146379096111e-05
467,-4.981398132280189e-05,-5.236284943718549e-05
468,-4.883735831106152e-05,-5.1291382224280405e-05
469,-4.769655933111757e-05,-5.005276786943625e-05
470,-4.6872472709334994e-05,-4.841041359009233e-05
471,-4.5731673728482264e-05,-4.7171799235340114e-05
472,-4.363477744374444e-05,-4.661410817335753e-05
473,-4.2493978461516076e-05,-4.53754938196243e-05
474,-4.1669891841372003e-05,-4.373313954423669e-05
475,-4.052909285823459e-05,-4.2494525190594535e-05
476,-3.9552469844681326e-05,-4.142305797278403e-05
477,-3.8411670860053566e-05,-4.01844436180709e-05
478,-3.758758424077035e-05,-3.854208934410289e-05
479,-3.6446785255235276e-05,-3.730347498948419e-05
480,-3.590665112924405e-05,-3.5875078426782475e-05
481,-3.4765852146794666e-05,-3.463646407152421e-05
482,-3.394176553139463e-05,-3.299410979971018e-05
483,-3.2800966548035494e-05,-3.175549544454369e-05
484,-3.1824343536180526e-05,-3.068402821995871e-05
485,-3.068354455133148e-05,-2.9445413863721573e-05
486,-2.9859457936792463e-05,-2.780305959332774e-05
487,-2.8718658951035398e-05,-2.656444523718547e-05
488,-2.6621762676679083e-05,-2.6006754197381815e-05
489,-2.5480963689546328e-05,-2.476813984225902e-05
490,-2.465687707664993e-05,-2.3125785575821712e-05
491,-2.3516078088608506e-05,-2.18871712207914e-05
492,-2.2539455074940156e-05,-2.0815703991303224e-05
493,-2.1398656085410393e-05,-1.9577089635204484e-05
494,-2.0574569473374472e-05,-1.7934735370186397e-05
495,-1.9433770482936202e-05,-1.669612101418182e-05
496,-1.7516129267318935e-05,-1.5081229152568896e-05
497,-1.637533027625069e-05,-1.3842614793333722e-05
498,-1.5551243666249166e-05,-1.2200260527101383e-05
499,-1.4410444674274093e-05,-1.0961646167959613e-05
500,-1.343382165938851e-05,-9.890178929334594e-06
501,-1.2293022665922713e-05,-8.651564569123096e-06
502,-1.146893605678454e-05,-7.009210304312471e-06
503,-1.0328137062410887e-05,-5.7705959441965455e-06
504,-8.231240793199327e-06,-5.212904925586874e-06
505,-7.090441797451882e-06,-3.974290566489014e-06
506,-6.266355189953889e-06,-2.3319363056375163e-06
507,-5.125556193298099e-06,-1.0933219466337653e-06
508,-4.14893317660309e-06,-2.1854703109995977e-08
509,-3.0081341784601e-06,1.2167596569625074e-06
510,-2.1840475718225847e-06,2.8591139163895805e-06
511,-1.0432485727701114e-06,4.097728276366999e-06
512,1.3045396455611336e-06,-4.0099993813239206e-06
513,2.4453386417759787e-06,-2.7713850229949227e-06
514,3.269425243606196e-06,-1.1290307638116867e-06
515,4.4102242407293856e-06,1.0958359442363608e-07
516,5.386847255512838e-06,1.1810508378834917e-06
517,6.52764625412339e-06,2.419665197186862e-06
518,7.3517328550909075e-06,4.062019454945727e-06
519,8.492531854609696e-06,5.300633814156182e-06
520,1.0589428111921432e-05,5.858324820043987e-06
521,1.1730227112813092e-05,7.096939178233774e-06
522,1.2554313712139669e-05,8.739293432032916e-06
523,1.3695112713938806e-05,9.977907790128485e-06
524,1.4671735730529677e-05,1.1049375038484706e-05
525,1.5812534733818508e-05,1.2287989397648214e-05
526,1.66366213322813e-05,1.3930343650023094e-05
527,1.7777420336476308e-05,1.5168958009093903e-05
528,1.96950615142843e-05,1.6783849944240997e-05
529,2.0835860519105706e-05,1.8022464306538066e-05
530,2.1659947115530904e-05,1.9664818560124e-05
531,2.2800746121261033e-05,2.0903432922327882e-05
532,2.3777369139068108e-05,2.19749001798165e-05
533,2.4918168146286087e-05,2.3213514543086317e-05
534,2.5742254741846905e-05,2.4855868795247392e-05
535,2.688305374997339e-05,2.6094483158423207e-05
536,2.8979950002122482e-05,2.6652174143113668e-05
537,3.012074901161951e-05,2.7890788505267406e-05
538,3.0944835605540416e-05,2.9533142753466427e-05
539,3.208563461594416e-05,3.077175711552649e-05
540,3.3062257635555945e-05,3.184322437791066e-05
541,3.4203056647448245e-05,3.308183874103709e-05
542,3.5027143240503526e-05,3.4724192987810494e-05
543,3.6167942253303195e-05,3.596280735084184e-05
544,3.670807610895891e-05,3.739120393121128e-05
545,3.7848875118670665e-05,3.862981829487862e-05
546,3.867296170783903e-05,4.027217253948931e-05
547,3.981376071845658e-05,4.151078690306249e-05
548,4.079038373636421e-05,4.2582254172212404e-05
549,4.193118274846956e-05,4.382086853685173e-05
550,4.275526933677484e-05,4.546322278003447e-05
551,4.3896068349786796e-05,4.67018371445779e-05
552,4.5992964591524564e-05,4.725952810707989e-05
553,4.713376360590939e-05,4.849814247060092e-05
554,4.795785019257032e-05,5.0140496709821986e-05
555,4.9098649207860833e-05,5.1379111073247656e-05
556,5.007527222757193e-05,5.2450578347290524e-05
557,5.121607124434883e-05,5.368919271178256e-05
558,5.204015783014581e-05,5.533154694957438e-05
559,5.318095684783041e-05,5.657016131397052e-05
560,5.509859799016721e-05,5.818505334630322e-05
561,5.623939700847777e-05,5.942366771392491e-05
562,5.706348359223477e-05,6.106602195292453e-05
563,5.820428261145167e-05,6.230463632044984e-05
564,5.918090563237241e-05,6.337610360362017e-05
565,6.03217046530764e-05,6.461471797221331e-05
566,6.114579123596853e-05,6.625707220978108e-05
567,6.22865902575781e-05,6.74956865782768e-05
568,6.438348649413951e-05,6.805337751957571e-05
569,6.55242855171194e-05,6.929199188705028e-05
570,6.634837209836751e-05,7.093434612065377e-05
571,6.74891711222551e-05,7.217296048803087e-05
572,6.846579414497659e-05,7.324442777608878e-05
573,6.96065931703504e-05,7.448304214453333e-05
574,7.043067975073374e-05,7.612539637670481e-05
575,7.157147877701254e-05,7.736401074505173e-05
576,7.217182820482351e-05,7.72552895036786e-05
577,7.331262723117782e-05,7.849390386851552e-05
578,7.413671380991849e-05,8.013625809375532e-05
579,7.527751283717778e-05,8.137487245849542e-05
580,7.625413586094331e-05,8.244633974890687e-05
581,7.739493488969018e-05,8.368495411471312e-05
582,7.82190214675637e-05,8.532730833852187e-05
583,7.935982049721681e-05,8.65659227042312e-05
584,8.145671672899792e-05,8.712361362308999e-05
585,8.259751576001942e-05,8.836222798777659e-05
586,8.34216023362484e-05,9.000458220761749e-05
587,8.456240136817773e-05,9.124319657220618e-05
588,8.55390243937414e-05,9.231466386750532e-05
589,8.66798234271559e-05,9.355327823316011e-05
590,8.750391000251774e-05,9.519563245156737e-05
591,8.864470903683817e-05,9.643424681712523e-05
592,9.056235014857352e-05,9.804913893796444e-05
593,9.170314918351672e-05,9.928775330674499e-05
594,9.252723575683841e-05,0.0001009301075263562
595,9.36680347926879e-05,0.000102168721895039
596,9.464465781945948e-05,0.00010324018919946002
597,9.578545685679562e-05,0.000104478803569208
598,9.660954342925062e-05,0.0001061211577873847
599,9.77503424674905e-05,0.00010735977215703331
600,9.984723869407912e-05,0.00010791746305468511
601,0.00010098803773368899,0.00010915607742331191
602,0.0001018121243044982,0.00011079843163751919
603,0.00010295292334501334,0.0001120370460060476
604,0.00010392954637358247,0.00011310851331535203
605,0.00010507034541558331,0.0001143471276849454
606,0.00010589443198552457,0.00011598948189771833
607,0.00010703523102843099,0.0001172280962672119
608,0.0001075753646210895,0.00011865649286393399
609,0.00010871616366090532,0.00011989510723406084
610,0.0001095402502269573,0.00012153746144466331
611,0.00011068104926767881,0.0001227760758146921
612,0.00011165767229453559,0.00012384754313075224
613,0.00011279847133674269,0.000125086157501845
614,0.0001136225579019282,0.00012672851171101178
615,0.00011476335694504068,0.00012796712608200545
616,0.0001168602531611845,0.00012852481695745517
617,0.0001180010522056667,0.00012976343132742454
618,0.0001188251387692037,0.0001314057855326207
619,0.00011996593781458769,0.0001326443999024914
620,0.00012094256084324017,0.0001337158672234349
621,0.000122083359890111,0.00013495448159436856
622,0.00012290744645278051,0.00013659683579812733
623,0.00012404824550055543,0.00013783545016896146
624,0.00012596588657676157,0.00013945034238692198
625,0.0001271066856251587,0.00014068895676097826
626,0.00012793077218578648,0.00014233131096593658
627,0.00012907157123508863,0.00014356992533989316
628,0.0001300481942649444,0.0001446413926699535
629,0.00013118899331573253,0.00014588000704497347
630,0.0001320130798754893,0.0001475223612484928
631,0.00013315387892717963,0.0001487609756234136
632,0.00013525077513811887,0.00014931866647765
633,0.00013639157419117578,0.00015055728085154677
634,0.00013721566074928772,0.0001521996350510933
635,0.00013835645980324977,0.0001534382494248897
636,0.00013933308283489902,0.00015450971675982965
637,0.00014047388189034692,0.00015574833113468877
638,0.00014129796844758913,0.00015739068533279728
639,0.00014243876750394012,0.00015862929970755606
640,0.00014249676755439782,0.00016180666004346082
641,0.0001436375666084677,0.00016304527441790014
642,0.00014446165316268632,0.000164687628611739
643,0.00014560245221765958,0.00016592624298607803
644,0.000146579075248396,0.00016699771032772681
645,0.0001477198743048533,0.0001682363247031283
646,0.00014854396085820382,0.00016987867889552553
647,0.00014968475991556453,0.0001711172932708267
648,0.00015178165611803293,0.00017167498410067052
649,0.0001529224551767611,0.0001729135984749455
650,0.0001537465417284611,0.00017455595266336888
651,0.00015488734078809377,0.00017579456703754277
652,0.00015586396382062217,0.00017686603438407
653,0.00015700476288173842,0.0001781046487593059
654,0.00015782884943256999,0.00017974700294628773
655,0.0001589696484945907,0.0001809856173214241
656,0.0001608872895373044,0.00018260050963866573
657,0.0001620280885999455,0.00018383912401702146
658,0.0001628521751487328,0.0001854814782051979
659,0.0001639929742122758,0.00018672009258345376
660,0.00016496959724600506,0.00018779155993908948
661,0.00016611039631103292,0.00018903017431840414
662,0.0001669344828589503,0.00019067252850513898
663,0.000168075281924883,0.000191911142884353
664,0.0001701721781221247,0.000192468833692978
665,0.00017131297718942412,0.0001937074480711668
666,0.00017213706373569242,0.0001953498022539241
667,0.0001732778628038928,0.00019658841663201137
668,0.00017425448583940973,0.0001976598839925202
669,0.0001753952849090942,0.00019889849837167138
670,0.0001762193714544926,0.00020054085255298318
671,0.00017736017052508022,0.00020177946693203188
672,0.00017790030385598032,0.0002032078635489082
673,0.000179041102923476,0.00020444647792858568
674,0.0001798651894649836,0.0002060888321077208
675,0.0001810059885333822,0.00020732744648729423
676,0.00018198261156718087,0.0002083989138545474
677,0.00018312341063706313,0.0002096375282351846
678,0.0001839474971776985,0.0002112798824128722
679,0.00018508829624848514,0.00021251849679340668
680,0.00018718519243525662,0.0002130761875798182
681,0.0001883259915074083,0.00021431480195932648
682,0.0001891500780463927,0.0002159571561330357
683,0.0001902908771194465,0.0002171957705124413
684,0.00019126750015503198,0.0002182672378845662
685,0.0001924082992295701,0.00021950585226503293
686,0.000193232385767684,0.0002211482064372968
687,0.0001943731848431243,0.00022238682081765902
688,0.00019629082585025182,0.000224001713231955
689,0.00019743162492631057,0.00022524032761553573
690,0.0001982557114623796,0.00022688268178898963
691,0.00019939651053934053,0.00022812129617246862
692,0.00020037313357612133,0.0002291927635536981
693,0.00020151393265456602,0.0002304313779382368
694,0.00020233801918976288,0.00023207373211024484
695,0.00020347881826910928,0.0002333123464946798
696,0.00020557571445064187,0.0002338700372598672
697,0.00020671651353135358,0.00023510865164327657
698,0.0002075406000648989,0.0002367510058113024
699,0.00020868139914651212,0.0002379896201946078
700,0.00020965802218507834,0.00023906108758070668
701,0.000210798821268175,0.00024029970196507127
702,0.00021162290780084823,0.00024194205613165071
703,0.0002127637068848469,0.0002431806705159131
704,0.00021336405617387942,0.00024307194877331483
705,0.0002145048552579476,0.0002443105631540649
706,0.00021532894178897272,0.000245952917313698
707,0.00021646974087394512,0.00024719153169434395
708,0.00021744636391354138,0.0002482629990827746
709,0.00021858716299999627,0.0002495016134644825
710,0.0002194112495301491,0.00025114396762266516
711,0.00022055204861750558,0.00025238258200426986
712,0.0002226489447941986,0.0002529402727469961
713,0.0002237897438829187,0.0002541788871275713
714,0.0002246138304114194,0.0002558212412817714
715,0.00022575462950104178,0.0002570598556622423
716,0.0002267312525424222,0.0002581313230555418
717,0.00022787205163352572,0.0002593699374370715
718,0.00022869613816115357,0.0002610122915898227
719,0.000229836937253159,0.0002622509059712489
720,0.00023175457822957173,0.0002638657984739258
721,0.00023289537732219551,0.00026510441285856814
722,0.0002337194638477762,0.0002667467670125057
723,0.000234860262941301,0.0002679853813970435
724,0.0002358368859838735,0.00026905684879944094
725,0.00023697768507888032,0.0002702954631850368
726,0.00023780177160358687,0.00027193781733752566
727,0.00023894257069949538,0.0002731764317230155
728,0.00024103946687093413,0.0002737341224445123
729,0.00024218026596820603,0.0002749727368289771
730,0.00024300435249125928,0.0002766150909774794
731,0.0002441451515894328,0.0002778537053618363
732,0.0002451217746337857,0.0002789251727690989
733,0.0002462625737334387,0.0002801637871545191
734,0.0002470866602556199,0.000281806141301568
735,0.0002482274593561756,0.00028304475568688024
736,0.0002487675924240019,0.0002844731523198848
737,0.0002499083915214638,0.00028571176670582417
738,0.0002507324780397515,0.00028735412085068723
739,0.000251873277138114,0.0002885927352365199
740,0.0002528499001807423,0.00028966420265051293
741,0.00025399069928058705,0.0002909028170374056
742,0.00025481478579799863,0.0002925451711808149
743,0.0002559555848987449,0.0002937837855675999
744,0.00025805248105968193,0.000294341476266874
745,0.0002591932801617905,0.0002955800906526313
746,0.00026001736667754865,0.0002972224447920549
747,0.00026115816578055643,0.000298461059177706
748,0.0002621347888249638,0.0002995325265965612
749,0.0002632755879294538,0.00030077114098327087
750,0.00026409967444433887,0.0003024134951212429
751,0.00026524047354972865,0.0003036521095078433
752,0.00026715811449049936,0.00030526700210751063
753,0.0002682989135965059,0.0003065056164973294
754,0.0002691230001093404,0.0003081479706364792
755,0.00027026379921624784,0.0003093865850261912
756,0.0002712404222618437,0.00031045805245414053
757,0.0002723812213702309,0.0003116966668449094
758,0.0002732053078821917,0.000313339020982606
759,0.00027434610699148053,0.00031457763537326834
760,0.0002764430031471462,0.0003151353260513054
761,0.000277583802257796,0.000316373940440939
762,0.0002784078887681019,0.0003180162945746474
763,0.0002795486878796505,0.00031925490896417383
764,0.0002805253109270247,0.00032032637639698195
765,0.00028166611004005527,0.0003215649907875659
766,0.00028249019654948495,0.0003232073449198193
767,0.0002836309956634166,0.00032444595931029486
768,0.0002862283480005583,0.00032952262597724455
769,0.00028736914710899674,0.00033076124036428625
770,0.0002881932336113957,0.00033240359448692604
771,0.00028933403272073333,0.00033364220887386036
772,0.00029031065576372956,0.00033471367631170823
773,0.0002914514548745489,0.000335952290699701
774,0.00029227554137607195,0.00033759464482088384
775,0.0002934163404877902,0.0003388332592087675
776,0.00029551323662609856,0.0003393909498585603
777,0.0002966540357391775,0.00034062956424541423
778,0.0002974781222390439,0.00034227191836260753
779,0.00029861892135302345,0.0003435105327493526
780,0.00029959554439779534,0.00034458200019205895
781,0.000300736343513255,0.00034582061457986014
782,0.0003015604300122448,0.00034746296869559616
783,0.00030270122912860384,0.0003487015830832901
784,0.0003046188700263435,0.00035031647578281477
785,0.0003057596691433174,0.0003515550901737244
786,0.0003065837556402571,0.00035319744429063366
787,0.0003077245547581302,0.00035443605868143435
788,0.0003087011778040854,0.000355507526133225
789,0.0003098419769234393,0.00035674614052508285
790,0.00031066606341950166,0.00035838849464053135
791,0.0003118068625397552,0.0003596271090322794
792,0.00031390375867277313,0.00036018479966082984
793,0.0003150445577943853,0.00036142341405154656
794,0.0003158686442887923,0.0003630657681630043
795,0.0003170094434113026,0.00036430438255361316
796,0.00031798606645903264,0.0003653758500102599
797,0.0003191268655830233,0.0003666144644019235
798,0.0003199509520765529,0.0003682568185119218
799,0.0003210917512014427,0.00036949543290347664
800,0.000321631883995971,0.00037092382955319507
801,0.00032277268311776584,0.00037216244394537275
802,0.0003235967696073979,0.00037380479805317393
803,0.0003247375687300936,0.0003750434124452434
804,0.000325714191776089,0.0003761148799086084
805,0.00032685499090026214,0.0003773534943017335
806,0.0003276790773890178,0.00037899584840807163
807,0.00032881987651409134,0.00038023446280108805
808,0.0003309167726365801,0.0003807921534074035
809,0.0003320575717630094,0.0003820307677993897
810,0.0003328816582501068,0.000383673121901734
811,0.00033402245737743715,0.00038491173629360794
812,0.0003349990804252054,0.0003859832037618258
813,0.0003361398795540133,0.0003872218181547563
814,0.000336963966040235,0.0003888641722556392
815,0.0003381047651699425,0.0003901027866484588
816,0.0003400224060319801,0.00039171767944490586
817,0.0003411632051623021,0.00039295629384093907
818,0.000341987291646469,0.0003945986479429921
819,0.0003431280907776889,0.0003958372623389133
820,0.0003441047138266355,0.0003969087298162119
821,0.0003452455129593341,0.0003981473442131899
822,0.0003460695994426235,0.0003997896983137795
823,0.0003472103985762193,0.00040102831271064394
824,0.000349307294693404,0.00040158600329571234
825,0.0003504480938283599,0.0004028246176915465
826,0.0003512721803099903,0.00040446697178814195
827,0.0003524129794458429,0.0004057055861838651
828,0.0003533896024965597,0.00040677705366601443
829,0.00035453040163389046,0.000408015668062793
830,0.0003553544881146432,0.00040965802215792147
831,0.0003564952872528737,0.0004108966365545905
832,0.0003570956363982082,0.00041078791430458367
833,0.000358236435536506,0.00041202652869773784
834,0.00035906052201560546,0.0004136688827859078
835,0.0003602013211548014,0.00041490749717894906
836,0.0003611779442065341,0.00041597896466340944
837,0.0003623187433472077,0.0004172175790575076
838,0.0003631428298254295,0.00041885993314421115
839,0.0003642836289670011,0.00042009854753819603
840,0.0003663805250792879,0.00042065623810078414
841,0.0003675213242222164,0.0004218948524937384
842,0.0003683454106987793,0.00042353720657644473
843,0.0003694862098426049,0.00042477582096928687
844,0.00037046283289610485,0.0004258472884585937
845,0.0003716036320414105,0.00042708590285248966
846,0.00037242771851709233,0.00042872825693372963
847,0.0003735685176632952,0.0004299668713275147
848,0.0003754861584945026,0.0004315817642122153
849,0.0003766269576413162,0.0004328203786092109
850,0.00037745104411494515,0.00043446273269161695
851,0.0003785918432626572,0.0004357013470884999
852,0.00037956846631733224,0.0004367728145868829
853,0.0003807092654665231,0.00043801142898482035
854,0.0003815333519392706,0.00043965378306575837
855,0.00038267415108935777,0.00044089239746358236
856,0.00038477104719632455,0.0004414500880049154
857,0.0003859118463477683,0.000442688702401709
858,0.0003867359328188559,0.00044433105647864724
859,0.0003878767319711971,0.0004455696708753278
860,0.00038885335502763857,0.00044664113837855277
861,0.00038999415418145727,0.0004478797527762871
862,0.0003908182406516648,0.0004495221068517587
863,0.0003919590398063794,0.0004507607212493792
864,0.000392499172337757,0.0004521891179149959
865,0.0003936399714893756,0.00045342773231323767
866,0.00039446405795568384,0.00045507008638650214
867,0.0003956048571082015,0.00045630870078462987
868,0.0003965814801629034,0.0004573801682945641
869,0.0003977222793168962,0.0004586187826937467
870,0.0003985463657823245,0.00046026113676554036
871,0.00039968716493721414,0.00046149975116460814
872,0.0004017840610336204,0.0004620574416836974
873,0.0004029248601898663,0.0004632960560817316
874,0.00040374894665363303,0.00046493841014952483
875,0.00040488974581077546,0.0004661770245474472
876,0.000405866368867242,0.0004672484920622233
877,0.00040700716802586197,0.00046848710646119784
878,0.00040783125448874756,0.00047012946052752086
879,0.00040897205364826526,0.00047136807492638324
880,0.0004108896944437123,0.0004729829679079414
881,0.0004120304936038393,0.00047422158231001015
882,0.00041285458006466876,0.0004758639363774957
883,0.0004139953792256925,0.0004771025507794508
884,0.0004149720022833307,0.0004781740183032976
885,0.0004161128014458298,0.0004794126327063056
886,0.00041693688790577985,0.0004810549867723187
887,0.00041807768706917455,0.00048229360117521243
888,0.00042017458316024513,0.00048285129167304256
889,0.0004213153823249975,0.00048408990607490244
890,0.00042213946878328355,0.0004857322601369127
891,0.000423280267948931,0.0004869708745386587
892,0.0004242568910083292,0.0004880423420673448
893,0.00042539769017545357,0.0004892809564701431
894,0.00042622177663285965,0.0004909233105306798
895,0.00042736257580087967,0.0004921619249333636
896,0.0004274205750399758,0.0004953392850362726
897,0.0004285613742057079,0.0004965778994386154
898,0.0004293854606600819,0.0004982202534948343
899,0.00043052625982671134,0.0004994588678970624
900,0.0004315028828851725,0.000500530335432405
901,0.0004326436820532786,0.0005017689498356844
902,0.00043346776850676874,0.0005034113038904303
903,0.00043460856767577115,0.0005046499182935942
904,0.0004367054637582584,0.000505207608766982
905,0.0004378462629286143,0.0005064462231691127
906,0.0004386703493804428,0.000508088577219853
907,0.00043981114855169446,0.0005093271916218681
908,0.0004407877716119156,0.0005103986591620465
909,0.0004419285707846426,0.0005116372735651119
910,0.0004427526572355887,0.0005132796276143784
911,0.0004438934564092131,0.0005145182420173311
912,0.0004458110971709423,0.0005161331350978992
913,0.00044695189634517545,0.0005173717495040565
914,0.00044777598279406176,0.0005190141035544776
915,0.00044891678196919084,0.0005202527179605204
916,0.00044989340503057867,0.0005213241855097643
917,0.0004510342042071825,0.0005225627999168552
918,0.00045185829065518684,0.0005242051539658023
919,0.00045299908983268685,0.0005254437683727803
920,0.00045509598590982273,0.0005260014588249022
921,0.0004562367850886749,0.0005272400732308462
922,0.0004570608715350174,0.0005288824272757838
923,0.00045820167071476426,0.0005301210416816114
924,0.0004591782937779109,0.0005311925092356875
925,0.0004603190929591336,0.0005324311236425645
926,0.0004611431794045924,0.000534073477686027
927,0.00046228397858671,0.0005353120920927887
928,0.0004628241108561764,0.0005367404887780941
929,0.0004639649100351971,0.000537979103185471
930,0.00046478899647675224,0.0005396214572267188
931,0.0004659297956566665,0.0005408600716339803
932,0.0004669064187180667,0.000541931539194754
933,0.0004680472178994577,0.0005431701536030662
934,0.00046887130434013013,0.0005448125076428352
935,0.00047001210352241586,0.000546051122051029
936,0.00047210899958896276,0.0005466088124808951
937,0.0004732497987725994,0.0005478474268880561
938,0.0004740738852116084,0.0005494897809238154
939,0.00047521468439613965,0.0005507283953308587
940,0.0004761913074592969,0.0005517998628964639
941,0.0004773321066453037,0.0005530384773045564
942,0.00047815619308342846,0.000554680831338837
943,0.0004792969922703303,0.0005559194457468141
944,0.0004812146329962459,0.0005575343389241727
945,0.00048235543218375565,0.0005587729533353546
946,0.00048317951861981916,0.0005604153073707861
947,0.0004843203178082245,0.0005616539217818497
948,0.0004852969408725441,0.0005627253893565139
949,0.0004864377400624233,0.0005639640037686268
950,0.0004872618264976028,0.0005656063578025788
951,0.0004884026256883772,0.0005668449722145732
952,0.000490499521749555,0.00056740266262317
953,0.0004916403209416812,0.0005686412770341298
954,0.0004924644073751952,0.0005702836310640708
955,0.0004936052065682164,0.0005715222454749126
956,0.0004945818296342893,0.000572593713054405
957,0.0004957226288287821,0.0005738323274662965
958,0.0004965467152614116,0.000575474681494757
959,0.0004976875144568006,0.0005767132959065288
960,0.0004982878634630984,0.0005766045731552818
961,0.0004994286626585513,0.0005778431875635377
962,0.0005002527490895223,0.0005794855415850246
963,0.0005013935482858694,0.0005807241559931626
964,0.0005023701713529461,0.0005817956235749469
965,0.0005035109705507682,0.0005830342379841344
966,0.0005043350569808549,0.0005846765920041394
967,0.00050547585617957,0.0005859152064132061
968,0.0005075727522357934,0.0005864728967993015
969,0.0005087135514358594,0.0005877115112073324
970,0.0005095376378642793,0.0005893538652233253
971,0.0005106784370652402,0.0005905924796312397
972,0.0005116550601340677,0.0005916639472178497
973,0.0005127958593365015,0.0005929025616268111
974,0.0005136199457640373,0.0005945449156413218
975,0.0005147607449673652,0.0005957835300501626
976,0.0005166783856623353,0.0005973984233156529
977,0.0005178191848662688,0.000598637037727699
978,0.000518643271291741,0.0006002793917433557
979,0.0005197840704965677,0.0006015180061552824
980,0.0005207606935665568,0.0006025894737509466
981,0.0005219014927728577,0.0006038280881639221
982,0.0005227255791974449,0.0006054704421780933
983,0.0005238663784046394,0.0006067090565909515
984,0.0005259632744554803,0.0006072667469557691
985,0.0005271040736640266,0.0006085053613675902
986,0.0005279281600869447,0.0006101477153777465
987,0.0005290689592963817,0.0006113863297894473
988,0.0005300455823681216,0.0006124577973899344
989,0.0005311863815790319,0.0006136964118026825
990,0.0005320104680010663,0.0006153387658113543
991,0.0005331512672128707,0.0006165773802239836
992,0.0005336913992191087,0.0006180057769249651
993,0.0005348321984278141,0.0006192443913382064
994,0.0005356562848459421,0.000620886745344656
995,0.0005367970840555404,0.0006221253597577781
996,0.0005377737071255249,0.0006231968273649515
997,0.0005389145063365951,0.0006244354417791209
998,0.0005397385927538393,0.0006260777957840827
999,0.0005408793919658024,0.0006273164101981338
1000,0.0005429762880060243,0.0006278741005406849
1001,0.0005441170872193362,0.0006291127149536971
1002,0.0005449411736349112,0.0006307550689546432
1003,0.000546081972849117,0.0006319936833675358
1004,0.0005470585959208484,0.0006330651509795309
1005,0.0005481993951365283,0.0006343037653934689
1006,0.0005490234815512162,0.0006359461193929279
1007,0.0005501642807677876,0.0006371847338067454
1008,0.0005520819214268853,0.0006387996271689615
1009,0.0005532227206440618,0.000640038241585983
1010,0.0005540468070566836,0.0006416805955865837
1011,0.0005551876062747538,0.000642919210003482
1012,0.0005561642293476428,0.0006439906776245254
1013,0.0005573050285671839,0.0006452292920424707
1014,0.0005581291149789197,0.0006468716460415838
1015,0.0005592699141993544,0.0006481102604594093
1016,0.0005613668102341782,0.0006486679507806792
1017,0.0005625076094559609,0.0006499065651974674
1018,0.0005633316958660267,0.0006515489191925608
1019,0.0005644724950887027,0.0006527875336092272
1020,0.0005654491181633374,0.0006538590012350874
1021,0.0005665899173874843,0.0006550976156528001
1022,0.0005674140037966618,0.0006567399696464064
1023,0.000568554803021703,0.000657978584063996
